,Date,Time,Rain(mm)
0,2021-07-25,00:00:00,3.5
1,2021-07-25,00:10:00,3.6666666666666665
2,2021-07-25,00:20:00,3.8333333333333335
3,2021-07-25,00:30:00,4.0
4,2021-07-25,00:40:00,4.0
5,2021-07-25,00:50:00,4.0
6,2021-07-25,01:00:00,4.0
7,2021-07-25,01:10:00,4.0
8,2021-07-25,01:20:00,4.0
9,2021-07-25,01:30:00,4.0
10,2021-07-25,01:40:00,4.0
11,2021-07-25,01:50:00,4.0
12,2021-07-25,02:00:00,4.0
13,2021-07-25,02:10:00,4.0
14,2021-07-25,02:20:00,4.0
15,2021-07-25,02:30:00,4.0
16,2021-07-25,02:40:00,4.0
17,2021-07-25,02:50:00,4.166666666666667
18,2021-07-25,03:00:00,4.5
19,2021-07-25,03:10:00,0.0
20,2021-07-25,03:20:00,0.0
21,2021-07-25,03:30:00,0.0
22,2021-07-25,03:40:00,0.0
23,2021-07-25,03:50:00,0.0
24,2021-07-25,04:00:00,0.0
25,2021-07-25,04:10:00,0.0
26,2021-07-25,04:20:00,0.0
27,2021-07-25,04:30:00,0.0
28,2021-07-25,04:40:00,0.0
29,2021-07-25,04:50:00,0.0
30,2021-07-25,05:00:00,0.0
31,2021-07-25,05:10:00,0.16666666666666666
32,2021-07-25,05:20:00,0.3333333333333333
33,2021-07-25,05:30:00,0.5
34,2021-07-25,05:40:00,0.5
35,2021-07-25,05:50:00,0.5
36,2021-07-25,06:00:00,0.5
37,2021-07-25,06:10:00,0.5
38,2021-07-25,06:20:00,0.5
39,2021-07-25,06:30:00,0.5
40,2021-07-25,06:40:00,0.5
41,2021-07-25,06:50:00,0.5
42,2021-07-25,07:00:00,0.5
43,2021-07-25,07:10:00,0.5
44,2021-07-25,07:20:00,0.6666666666666666
45,2021-07-25,07:30:00,1.0
46,2021-07-25,07:40:00,1.0
47,2021-07-25,07:50:00,1.0
48,2021-07-25,08:00:00,1.0
49,2021-07-25,08:10:00,1.0
50,2021-07-25,08:20:00,1.0
51,2021-07-25,08:30:00,1.0
52,2021-07-25,08:40:00,1.0
53,2021-07-25,08:50:00,1.0
54,2021-07-25,09:00:00,1.0
55,2021-07-25,09:10:00,1.0
56,2021-07-25,09:20:00,1.0
57,2021-07-25,09:30:00,1.0
58,2021-07-25,09:40:00,1.3333333333333333
59,2021-07-25,09:50:00,1.5
60,2021-07-25,10:00:00,1.5
61,2021-07-25,10:10:00,1.5
62,2021-07-25,10:20:00,1.5
63,2021-07-25,10:30:00,1.5
64,2021-07-25,10:40:00,1.5
65,2021-07-25,10:50:00,1.5
66,2021-07-25,11:00:00,1.5
67,2021-07-25,11:10:00,1.5
68,2021-07-25,11:20:00,1.5
69,2021-07-25,11:30:00,1.5
70,2021-07-25,11:40:00,1.5
71,2021-07-25,11:50:00,1.6666666666666667
72,2021-07-25,12:00:00,2.0
73,2021-07-25,12:10:00,2.0
74,2021-07-25,12:20:00,2.0
75,2021-07-25,12:30:00,2.0
76,2021-07-25,12:40:00,2.0
77,2021-07-25,12:50:00,2.0
78,2021-07-25,13:00:00,2.0
79,2021-07-25,13:10:00,2.0
80,2021-07-25,13:20:00,2.0
81,2021-07-25,13:30:00,2.0
82,2021-07-25,13:40:00,2.0
83,2021-07-25,13:50:00,2.0
84,2021-07-25,14:00:00,2.0
85,2021-07-25,14:10:00,2.1666666666666665
86,2021-07-25,14:20:00,2.3333333333333335
87,2021-07-25,14:30:00,2.5
88,2021-07-25,14:40:00,2.5
89,2021-07-25,14:50:00,2.5
90,2021-07-25,15:00:00,2.5
91,2021-07-25,15:10:00,2.5
92,2021-07-25,15:20:00,2.5
93,2021-07-25,15:30:00,2.5
94,2021-07-25,15:40:00,2.5
95,2021-07-25,15:50:00,2.5
96,2021-07-25,16:00:00,2.5
97,2021-07-25,16:10:00,2.5
98,2021-07-25,16:20:00,2.5
99,2021-07-25,16:30:00,2.5
100,2021-07-25,16:40:00,2.5
101,2021-07-25,16:50:00,2.6666666666666665
102,2021-07-25,17:00:00,3.0
103,2021-07-25,17:10:00,3.0
104,2021-07-25,17:20:00,3.0
105,2021-07-25,17:30:00,3.0
106,2021-07-25,17:40:00,3.0
107,2021-07-25,17:50:00,3.0
108,2021-07-25,18:00:00,3.0
109,2021-07-25,18:10:00,3.0
110,2021-07-25,18:20:00,3.0
111,2021-07-25,18:30:00,3.0
112,2021-07-25,18:40:00,3.0
113,2021-07-25,18:50:00,3.0
114,2021-07-25,19:00:00,3.0
115,2021-07-25,19:10:00,3.3333333333333335
116,2021-07-25,19:20:00,3.5
117,2021-07-25,19:30:00,3.5
118,2021-07-25,19:40:00,3.5
119,2021-07-25,19:50:00,3.5
120,2021-07-25,20:00:00,3.5
121,2021-07-25,20:10:00,3.5
122,2021-07-25,20:20:00,3.5
123,2021-07-25,20:30:00,3.5
124,2021-07-25,20:40:00,3.5
125,2021-07-25,20:50:00,3.5
126,2021-07-25,21:00:00,3.5
127,2021-07-25,21:10:00,3.5
128,2021-07-25,21:20:00,3.5
129,2021-07-25,21:30:00,3.5
130,2021-07-25,21:40:00,3.6666666666666665
131,2021-07-25,21:50:00,3.8333333333333335
132,2021-07-25,22:00:00,4.0
133,2021-07-25,22:10:00,4.0
134,2021-07-25,22:20:00,4.0
135,2021-07-25,22:30:00,4.0
136,2021-07-25,22:40:00,4.0
137,2021-07-25,22:50:00,4.0
138,2021-07-25,23:00:00,4.0
139,2021-07-25,23:10:00,4.0
140,2021-07-25,23:20:00,4.0
141,2021-07-25,23:30:00,4.0
142,2021-07-25,23:40:00,4.0
143,2021-07-25,23:50:00,4.166666666666667
144,2021-07-26,00:00:00,4.5
145,2021-07-26,00:10:00,4.5
146,2021-07-26,00:20:00,4.5
147,2021-07-26,00:30:00,4.5
148,2021-07-26,00:40:00,4.5
149,2021-07-26,00:50:00,4.5
150,2021-07-26,01:00:00,4.5
151,2021-07-26,01:10:00,4.5
152,2021-07-26,01:20:00,4.5
153,2021-07-26,01:30:00,4.5
154,2021-07-26,01:40:00,4.5
155,2021-07-26,01:50:00,4.5
156,2021-07-26,02:00:00,4.5
157,2021-07-26,02:10:00,4.666666666666667
158,2021-07-26,02:20:00,4.833333333333333
159,2021-07-26,02:30:00,5.0
160,2021-07-26,02:40:00,5.0
161,2021-07-26,02:50:00,5.0
162,2021-07-26,03:00:00,5.0
163,2021-07-26,03:10:00,0.0
164,2021-07-26,03:20:00,0.0
165,2021-07-26,03:30:00,0.0
166,2021-07-26,03:40:00,0.0
167,2021-07-26,03:50:00,0.0
168,2021-07-26,04:00:00,0.0
169,2021-07-26,04:10:00,0.0
170,2021-07-26,04:20:00,0.0
171,2021-07-26,04:30:00,0.0
172,2021-07-26,04:40:00,0.3333333333333333
173,2021-07-26,04:50:00,0.5
174,2021-07-26,05:00:00,0.5
175,2021-07-26,05:10:00,0.5
176,2021-07-26,05:20:00,0.5
177,2021-07-26,05:30:00,0.5
178,2021-07-26,05:40:00,0.5
179,2021-07-26,05:50:00,0.5
180,2021-07-26,06:00:00,0.5
181,2021-07-26,06:10:00,0.5
182,2021-07-26,06:20:00,0.5
183,2021-07-26,06:30:00,0.5
184,2021-07-26,06:40:00,0.8333333333333333
185,2021-07-26,06:50:00,0.9999999999999999
186,2021-07-26,07:00:00,1.0
187,2021-07-26,07:10:00,1.0
188,2021-07-26,07:20:00,1.0
189,2021-07-26,07:30:00,1.0
190,2021-07-26,07:40:00,1.0
191,2021-07-26,07:50:00,1.0
192,2021-07-26,08:00:00,1.0
193,2021-07-26,08:10:00,1.0
194,2021-07-26,08:20:00,1.0
195,2021-07-26,08:30:00,1.0
196,2021-07-26,08:40:00,1.0
197,2021-07-26,08:50:00,1.1666666666666667
198,2021-07-26,09:00:00,1.5
199,2021-07-26,09:10:00,1.5
200,2021-07-26,09:20:00,1.5
201,2021-07-26,09:30:00,1.5
202,2021-07-26,09:40:00,1.5
203,2021-07-26,09:50:00,1.5
204,2021-07-26,10:00:00,1.5
205,2021-07-26,10:10:00,1.5
206,2021-07-26,10:20:00,1.5
207,2021-07-26,10:30:00,1.5
208,2021-07-26,10:40:00,1.5
209,2021-07-26,10:50:00,1.5
210,2021-07-26,11:00:00,1.5
211,2021-07-26,11:10:00,1.5
212,2021-07-26,11:20:00,1.5
213,2021-07-26,11:30:00,1.5
214,2021-07-26,11:40:00,1.8333333333333333
215,2021-07-26,11:50:00,2.0
216,2021-07-26,12:00:00,2.0
217,2021-07-26,12:10:00,2.0
218,2021-07-26,12:20:00,2.0
219,2021-07-26,12:30:00,2.0
220,2021-07-26,12:40:00,2.0
221,2021-07-26,12:50:00,2.0
222,2021-07-26,13:00:00,2.0
223,2021-07-26,13:10:00,2.0
224,2021-07-26,13:20:00,2.0
225,2021-07-26,13:30:00,2.0
226,2021-07-26,13:40:00,2.0
227,2021-07-26,13:50:00,2.0
228,2021-07-26,14:00:00,2.0
229,2021-07-26,14:10:00,2.0
230,2021-07-26,14:20:00,2.0
231,2021-07-26,14:30:00,2.0
232,2021-07-26,14:40:00,2.0
233,2021-07-26,14:50:00,2.0
234,2021-07-26,15:00:00,2.0
235,2021-07-26,15:10:00,2.3333333333333335
236,2021-07-26,15:20:00,2.5
237,2021-07-26,15:30:00,2.5
238,2021-07-26,15:40:00,2.5
239,2021-07-26,15:50:00,2.5
240,2021-07-26,16:00:00,2.5
241,2021-07-26,16:10:00,2.5
242,2021-07-26,16:20:00,2.5
243,2021-07-26,16:30:00,2.5
244,2021-07-26,16:40:00,2.5
245,2021-07-26,16:50:00,2.5
246,2021-07-26,17:00:00,2.5
247,2021-07-26,17:10:00,2.5
248,2021-07-26,17:20:00,2.5
249,2021-07-26,17:30:00,2.5
250,2021-07-26,17:40:00,2.5
251,2021-07-26,17:50:00,2.5
252,2021-07-26,18:00:00,2.5
253,2021-07-26,18:10:00,2.5
254,2021-07-26,18:20:00,2.5
255,2021-07-26,18:30:00,2.5
256,2021-07-26,18:40:00,2.5
257,2021-07-26,18:50:00,2.6666666666666665
258,2021-07-26,19:00:00,3.0
259,2021-07-26,19:10:00,3.0
260,2021-07-26,19:20:00,3.0
261,2021-07-26,19:30:00,3.0
262,2021-07-26,19:40:00,3.0
263,2021-07-26,19:50:00,3.0
264,2021-07-26,20:00:00,3.0
265,2021-07-26,20:10:00,3.0
266,2021-07-26,20:20:00,3.0
267,2021-07-26,20:30:00,3.0
268,2021-07-26,20:40:00,3.0
269,2021-07-26,20:50:00,3.0
270,2021-07-26,21:00:00,3.0
271,2021-07-26,21:10:00,3.0
272,2021-07-26,21:20:00,3.0
273,2021-07-26,21:30:00,3.0
274,2021-07-26,21:40:00,3.0
275,2021-07-26,21:50:00,3.0
276,2021-07-26,22:00:00,3.0
277,2021-07-26,22:10:00,3.0
278,2021-07-26,22:20:00,3.1666666666666665
279,2021-07-26,22:30:00,3.5
280,2021-07-26,22:40:00,3.5
281,2021-07-26,22:50:00,3.5
282,2021-07-26,23:00:00,3.5
283,2021-07-26,23:10:00,3.5
284,2021-07-26,23:20:00,3.5
285,2021-07-26,23:30:00,3.5
286,2021-07-26,23:40:00,3.5
287,2021-07-26,23:50:00,3.5
288,2021-07-27,00:00:00,3.5
289,2021-07-27,00:10:00,3.5
290,2021-07-27,00:20:00,3.5
291,2021-07-27,00:30:00,3.5
292,2021-07-27,00:40:00,3.5
293,2021-07-27,00:50:00,3.6666666666666665
294,2021-07-27,01:00:00,4.0
295,2021-07-27,01:10:00,4.0
296,2021-07-27,01:20:00,4.0
297,2021-07-27,01:30:00,4.0
298,2021-07-27,01:40:00,4.0
299,2021-07-27,01:50:00,4.0
300,2021-07-27,02:00:00,4.0
301,2021-07-27,02:10:00,4.0
302,2021-07-27,02:20:00,4.0
303,2021-07-27,02:30:00,4.0
304,2021-07-27,02:40:00,4.0
305,2021-07-27,02:50:00,4.0
306,2021-07-27,03:00:00,4.0
307,2021-07-27,03:10:00,0.0
308,2021-07-27,03:20:00,0.0
309,2021-07-27,03:30:00,0.0
310,2021-07-27,03:40:00,0.3333333333333333
311,2021-07-27,03:50:00,0.5
312,2021-07-27,04:00:00,0.5
313,2021-07-27,04:10:00,0.5
314,2021-07-27,04:20:00,0.5
315,2021-07-27,04:30:00,0.5
316,2021-07-27,04:40:00,0.5
317,2021-07-27,04:50:00,0.5
318,2021-07-27,05:00:00,0.5
319,2021-07-27,05:10:00,0.5
320,2021-07-27,05:20:00,0.5
321,2021-07-27,05:30:00,0.5
322,2021-07-27,05:40:00,0.5
323,2021-07-27,05:50:00,0.5
324,2021-07-27,06:00:00,0.5
325,2021-07-27,06:10:00,0.6666666666666666
326,2021-07-27,06:20:00,0.8333333333333334
327,2021-07-27,06:30:00,1.0
328,2021-07-27,06:40:00,1.0
329,2021-07-27,06:50:00,1.0
330,2021-07-27,07:00:00,1.0
331,2021-07-27,07:10:00,1.0
332,2021-07-27,07:20:00,1.0
333,2021-07-27,07:30:00,1.0
334,2021-07-27,07:40:00,1.0
335,2021-07-27,07:50:00,1.0
336,2021-07-27,08:00:00,1.0
337,2021-07-27,08:10:00,1.0
338,2021-07-27,08:20:00,1.0
339,2021-07-27,08:30:00,1.0
340,2021-07-27,08:40:00,1.0
341,2021-07-27,08:50:00,1.1666666666666667
342,2021-07-27,09:00:00,1.5
343,2021-07-27,09:10:00,1.5
344,2021-07-27,09:20:00,1.5
345,2021-07-27,09:30:00,1.5
346,2021-07-27,09:40:00,1.5
347,2021-07-27,09:50:00,1.5
348,2021-07-27,10:00:00,1.5
349,2021-07-27,10:10:00,1.5
350,2021-07-27,10:20:00,1.5
351,2021-07-27,10:30:00,1.5
352,2021-07-27,10:40:00,1.5
353,2021-07-27,10:50:00,1.5
354,2021-07-27,11:00:00,1.5
355,2021-07-27,11:10:00,1.5
356,2021-07-27,11:20:00,1.5
357,2021-07-27,11:30:00,1.5
358,2021-07-27,11:40:00,1.8333333333333333
359,2021-07-27,11:50:00,2.0
360,2021-07-27,12:00:00,2.0
361,2021-07-27,12:10:00,2.0
362,2021-07-27,12:20:00,2.0
363,2021-07-27,12:30:00,2.0
364,2021-07-27,12:40:00,2.0
365,2021-07-27,12:50:00,2.0
366,2021-07-27,13:00:00,2.0
367,2021-07-27,13:10:00,2.0
368,2021-07-27,13:20:00,2.0
369,2021-07-27,13:30:00,2.0
370,2021-07-27,13:40:00,2.0
371,2021-07-27,13:50:00,2.0
372,2021-07-27,14:00:00,2.0
373,2021-07-27,14:10:00,2.0
374,2021-07-27,14:20:00,2.0
375,2021-07-27,14:30:00,2.0
376,2021-07-27,14:40:00,2.3333333333333335
377,2021-07-27,14:50:00,2.5
378,2021-07-27,15:00:00,2.5
379,2021-07-27,15:10:00,2.5
380,2021-07-27,15:20:00,2.5
381,2021-07-27,15:30:00,2.5
382,2021-07-27,15:40:00,2.5
383,2021-07-27,15:50:00,2.5
384,2021-07-27,16:00:00,2.5
385,2021-07-27,16:10:00,2.5
386,2021-07-27,16:20:00,2.5
387,2021-07-27,16:30:00,2.5
388,2021-07-27,16:40:00,2.5
389,2021-07-27,16:50:00,2.5
390,2021-07-27,17:00:00,2.5
391,2021-07-27,17:10:00,2.5
392,2021-07-27,17:20:00,2.5
393,2021-07-27,17:30:00,2.5
394,2021-07-27,17:40:00,2.8333333333333335
395,2021-07-27,17:50:00,3.0
396,2021-07-27,18:00:00,3.0
397,2021-07-27,18:10:00,3.0
398,2021-07-27,18:20:00,3.0
399,2021-07-27,18:30:00,3.0
400,2021-07-27,18:40:00,3.0
401,2021-07-27,18:50:00,3.0
402,2021-07-27,19:00:00,3.0
403,2021-07-27,19:10:00,3.0
404,2021-07-27,19:20:00,3.0
405,2021-07-27,19:30:00,3.0
406,2021-07-27,19:40:00,3.0
407,2021-07-27,19:50:00,3.0
408,2021-07-27,20:00:00,3.0
409,2021-07-27,20:10:00,3.0
410,2021-07-27,20:20:00,3.1666666666666665
411,2021-07-27,20:30:00,3.5
412,2021-07-27,20:40:00,3.5
413,2021-07-27,20:50:00,3.5
414,2021-07-27,21:00:00,3.5
415,2021-07-27,21:10:00,3.5
416,2021-07-27,21:20:00,3.5
417,2021-07-27,21:30:00,3.5
418,2021-07-27,21:40:00,3.5
419,2021-07-27,21:50:00,3.5
420,2021-07-27,22:00:00,3.5
421,2021-07-27,22:10:00,3.5
422,2021-07-27,22:20:00,3.5
423,2021-07-27,22:30:00,3.5
424,2021-07-27,22:40:00,3.5
425,2021-07-27,22:50:00,3.5
426,2021-07-27,23:00:00,3.5
427,2021-07-27,23:10:00,3.8333333333333335
428,2021-07-27,23:20:00,4.0
429,2021-07-27,23:30:00,4.0
430,2021-07-27,23:40:00,4.0
431,2021-07-27,23:50:00,4.0
432,2021-07-28,00:00:00,4.0
433,2021-07-28,00:10:00,4.0
434,2021-07-28,00:20:00,4.0
435,2021-07-28,00:30:00,4.0
436,2021-07-28,00:40:00,4.0
437,2021-07-28,00:50:00,4.0
438,2021-07-28,01:00:00,4.0
439,2021-07-28,01:10:00,4.0
440,2021-07-28,01:20:00,4.0
441,2021-07-28,01:30:00,4.0
442,2021-07-28,01:40:00,4.0
443,2021-07-28,01:50:00,4.166666666666667
444,2021-07-28,02:00:00,4.5
445,2021-07-28,02:10:00,4.5
446,2021-07-28,02:20:00,4.5
447,2021-07-28,02:30:00,4.5
448,2021-07-28,02:40:00,4.5
449,2021-07-28,02:50:00,4.5
450,2021-07-28,03:00:00,4.5
451,2021-07-28,03:10:00,0.0
452,2021-07-28,03:20:00,0.0
453,2021-07-28,03:30:00,0.0
454,2021-07-28,03:40:00,0.0
455,2021-07-28,03:50:00,0.0
456,2021-07-28,04:00:00,0.0
457,2021-07-28,04:10:00,0.0
458,2021-07-28,04:20:00,0.0
459,2021-07-28,04:30:00,0.0
460,2021-07-28,04:40:00,0.0
461,2021-07-28,04:50:00,0.16666666666666666
462,2021-07-28,05:00:00,0.5
463,2021-07-28,05:10:00,0.5
464,2021-07-28,05:20:00,0.5
465,2021-07-28,05:30:00,0.5
466,2021-07-28,05:40:00,0.5
467,2021-07-28,05:50:00,0.5
468,2021-07-28,06:00:00,0.5
469,2021-07-28,06:10:00,0.5
470,2021-07-28,06:20:00,0.5
471,2021-07-28,06:30:00,0.5
472,2021-07-28,06:40:00,0.5
473,2021-07-28,06:50:00,0.5
474,2021-07-28,07:00:00,0.5
475,2021-07-28,07:10:00,0.5
476,2021-07-28,07:20:00,0.5
477,2021-07-28,07:30:00,0.5
478,2021-07-28,07:40:00,0.5
479,2021-07-28,07:50:00,0.6666666666666666
480,2021-07-28,08:00:00,1.0
481,2021-07-28,08:10:00,1.0
482,2021-07-28,08:20:00,1.0
483,2021-07-28,08:30:00,1.0
484,2021-07-28,08:40:00,1.0
485,2021-07-28,08:50:00,1.0
486,2021-07-28,09:00:00,1.0
487,2021-07-28,09:10:00,1.0
488,2021-07-28,09:20:00,1.0
489,2021-07-28,09:30:00,1.0
490,2021-07-28,09:40:00,1.0
491,2021-07-28,09:50:00,1.0
492,2021-07-28,10:00:00,1.0
493,2021-07-28,10:10:00,1.0
494,2021-07-28,10:20:00,1.0
495,2021-07-28,10:30:00,1.0
496,2021-07-28,10:40:00,1.1666666666666667
497,2021-07-28,10:50:00,1.3333333333333333
498,2021-07-28,11:00:00,1.5
499,2021-07-28,11:10:00,1.5
500,2021-07-28,11:20:00,1.5
501,2021-07-28,11:30:00,1.5
502,2021-07-28,11:40:00,1.5
503,2021-07-28,11:50:00,1.5
504,2021-07-28,12:00:00,1.5
505,2021-07-28,12:10:00,1.5
506,2021-07-28,12:20:00,1.5
507,2021-07-28,12:30:00,1.5
508,2021-07-28,12:40:00,1.5
509,2021-07-28,12:50:00,1.5
510,2021-07-28,13:00:00,1.5
511,2021-07-28,13:10:00,1.5
512,2021-07-28,13:20:00,1.5
513,2021-07-28,13:30:00,1.5
514,2021-07-28,13:40:00,1.8333333333333333
515,2021-07-28,13:50:00,2.0
516,2021-07-28,14:00:00,2.0
517,2021-07-28,14:10:00,2.0
518,2021-07-28,14:20:00,2.0
519,2021-07-28,14:30:00,2.0
520,2021-07-28,14:40:00,2.0
521,2021-07-28,14:50:00,2.0
522,2021-07-28,15:00:00,2.0
523,2021-07-28,15:10:00,2.0
524,2021-07-28,15:20:00,2.0
525,2021-07-28,15:30:00,2.0
526,2021-07-28,15:40:00,2.0
527,2021-07-28,15:50:00,2.0
528,2021-07-28,16:00:00,2.0
529,2021-07-28,16:10:00,2.0
530,2021-07-28,16:20:00,2.0
531,2021-07-28,16:30:00,2.0
532,2021-07-28,16:40:00,2.3333333333333335
533,2021-07-28,16:50:00,2.5
534,2021-07-28,17:00:00,2.5
535,2021-07-28,17:10:00,2.5
536,2021-07-28,17:20:00,2.5
537,2021-07-28,17:30:00,2.5
538,2021-07-28,17:40:00,2.5
539,2021-07-28,17:50:00,2.5
540,2021-07-28,18:00:00,2.5
541,2021-07-28,18:10:00,2.5
542,2021-07-28,18:20:00,2.5
543,2021-07-28,18:30:00,2.5
544,2021-07-28,18:40:00,2.5
545,2021-07-28,18:50:00,2.5
546,2021-07-28,19:00:00,2.5
547,2021-07-28,19:10:00,2.5
548,2021-07-28,19:20:00,2.5
549,2021-07-28,19:30:00,2.5
550,2021-07-28,19:40:00,2.6666666666666665
551,2021-07-28,19:50:00,2.8333333333333335
552,2021-07-28,20:00:00,3.0
553,2021-07-28,20:10:00,3.0
554,2021-07-28,20:20:00,3.0
555,2021-07-28,20:30:00,3.0
556,2021-07-28,20:40:00,3.0
557,2021-07-28,20:50:00,3.0
558,2021-07-28,21:00:00,3.0
559,2021-07-28,21:10:00,3.0
560,2021-07-28,21:20:00,3.0
561,2021-07-28,21:30:00,3.0
562,2021-07-28,21:40:00,3.0
563,2021-07-28,21:50:00,3.0
564,2021-07-28,22:00:00,3.0
565,2021-07-28,22:10:00,3.0
566,2021-07-28,22:20:00,3.0
567,2021-07-28,22:30:00,3.0
568,2021-07-28,22:40:00,3.0
569,2021-07-28,22:50:00,3.0
570,2021-07-28,23:00:00,3.0
571,2021-07-28,23:10:00,3.3333333333333335
572,2021-07-28,23:20:00,3.5
573,2021-07-28,23:30:00,3.5
574,2021-07-28,23:40:00,3.5
575,2021-07-28,23:50:00,3.5
576,2021-07-29,00:00:00,3.5
577,2021-07-29,00:10:00,3.5
578,2021-07-29,00:20:00,3.5
579,2021-07-29,00:30:00,3.5
580,2021-07-29,00:40:00,3.5
581,2021-07-29,00:50:00,3.5
582,2021-07-29,01:00:00,3.5
583,2021-07-29,01:10:00,3.5
584,2021-07-29,01:20:00,3.5
585,2021-07-29,01:30:00,3.5
586,2021-07-29,01:40:00,3.5
587,2021-07-29,01:50:00,3.5
588,2021-07-29,02:00:00,3.5
589,2021-07-29,02:10:00,3.5
590,2021-07-29,02:20:00,3.6666666666666665
591,2021-07-29,02:30:00,4.0
592,2021-07-29,02:40:00,4.0
593,2021-07-29,02:50:00,4.0
594,2021-07-29,03:00:00,4.0
595,2021-07-29,03:10:00,0.0
596,2021-07-29,03:20:00,0.0
597,2021-07-29,03:30:00,0.0
598,2021-07-29,03:40:00,0.0
599,2021-07-29,03:50:00,0.0
600,2021-07-29,04:00:00,0.0
601,2021-07-29,04:10:00,0.0
602,2021-07-29,04:20:00,0.0
603,2021-07-29,04:30:00,0.0
604,2021-07-29,04:40:00,0.0
605,2021-07-29,04:50:00,0.0
606,2021-07-29,05:00:00,0.0
607,2021-07-29,05:10:00,0.0
608,2021-07-29,05:20:00,0.16666666666666666
609,2021-07-29,05:30:00,0.5
610,2021-07-29,05:40:00,0.5
611,2021-07-29,05:50:00,0.5
612,2021-07-29,06:00:00,0.5
613,2021-07-29,06:10:00,0.5
614,2021-07-29,06:20:00,0.5
615,2021-07-29,06:30:00,0.5
616,2021-07-29,06:40:00,0.5
617,2021-07-29,06:50:00,0.5
618,2021-07-29,07:00:00,0.5
619,2021-07-29,07:10:00,0.5
620,2021-07-29,07:20:00,0.5
621,2021-07-29,07:30:00,0.5
622,2021-07-29,07:40:00,0.5
623,2021-07-29,07:50:00,0.5
624,2021-07-29,08:00:00,0.5
625,2021-07-29,08:10:00,0.5
626,2021-07-29,08:20:00,0.6666666666666666
627,2021-07-29,08:30:00,1.0
628,2021-07-29,08:40:00,1.0
629,2021-07-29,08:50:00,1.0
630,2021-07-29,09:00:00,1.0
631,2021-07-29,09:10:00,1.0
632,2021-07-29,09:20:00,1.0
633,2021-07-29,09:30:00,1.0
634,2021-07-29,09:40:00,1.0
635,2021-07-29,09:50:00,1.0
636,2021-07-29,10:00:00,1.0
637,2021-07-29,10:10:00,1.0
638,2021-07-29,10:20:00,1.0
639,2021-07-29,10:30:00,1.0
640,2021-07-29,10:40:00,1.0
641,2021-07-29,10:50:00,1.0
642,2021-07-29,11:00:00,1.0
643,2021-07-29,11:10:00,1.1666666666666667
644,2021-07-29,11:20:00,1.3333333333333333
645,2021-07-29,11:30:00,1.5
646,2021-07-29,11:40:00,1.5
647,2021-07-29,11:50:00,1.5
648,2021-07-29,12:00:00,1.5
649,2021-07-29,12:10:00,1.5
650,2021-07-29,12:20:00,1.5
651,2021-07-29,12:30:00,1.5
652,2021-07-29,12:40:00,1.5
653,2021-07-29,12:50:00,1.5
654,2021-07-29,13:00:00,1.5
655,2021-07-29,13:10:00,1.5
656,2021-07-29,13:20:00,1.5
657,2021-07-29,13:30:00,1.5
658,2021-07-29,13:40:00,1.8333333333333333
659,2021-07-29,13:50:00,2.0
660,2021-07-29,14:00:00,2.0
661,2021-07-29,14:10:00,2.0
662,2021-07-29,14:20:00,2.0
663,2021-07-29,14:30:00,2.0
664,2021-07-29,14:40:00,2.0
665,2021-07-29,14:50:00,2.0
666,2021-07-29,15:00:00,2.0
667,2021-07-29,15:10:00,2.0
668,2021-07-29,15:20:00,2.0
669,2021-07-29,15:30:00,2.0
670,2021-07-29,15:40:00,2.0
671,2021-07-29,15:50:00,2.0
672,2021-07-29,16:00:00,2.0
673,2021-07-29,16:10:00,2.0
674,2021-07-29,16:20:00,2.0
675,2021-07-29,16:30:00,2.0
676,2021-07-29,16:40:00,2.0
677,2021-07-29,16:50:00,2.1666666666666665
678,2021-07-29,17:00:00,2.5
679,2021-07-29,17:10:00,2.5
680,2021-07-29,17:20:00,2.5
681,2021-07-29,17:30:00,2.5
682,2021-07-29,17:40:00,2.5
683,2021-07-29,17:50:00,2.5
684,2021-07-29,18:00:00,2.5
685,2021-07-29,18:10:00,2.5
686,2021-07-29,18:20:00,2.5
687,2021-07-29,18:30:00,2.5
688,2021-07-29,18:40:00,2.5
689,2021-07-29,18:50:00,2.5
690,2021-07-29,19:00:00,2.5
691,2021-07-29,19:10:00,2.5
692,2021-07-29,19:20:00,2.5
693,2021-07-29,19:30:00,2.5
694,2021-07-29,19:40:00,2.5
695,2021-07-29,19:50:00,2.5
696,2021-07-29,20:00:00,2.5
697,2021-07-29,20:10:00,2.8333333333333335
698,2021-07-29,20:20:00,3.0
699,2021-07-29,20:30:00,3.0
700,2021-07-29,20:40:00,3.0
701,2021-07-29,20:50:00,3.0
702,2021-07-29,21:00:00,3.0
703,2021-07-29,21:10:00,3.0
704,2021-07-29,21:20:00,3.0
705,2021-07-29,21:30:00,3.0
706,2021-07-29,21:40:00,3.0
707,2021-07-29,21:50:00,3.0
708,2021-07-29,22:00:00,3.0
709,2021-07-29,22:10:00,3.0
710,2021-07-29,22:20:00,3.0
711,2021-07-29,22:30:00,3.0
712,2021-07-29,22:40:00,3.0
713,2021-07-29,22:50:00,3.0
714,2021-07-29,23:00:00,3.0
715,2021-07-29,23:10:00,3.0
716,2021-07-29,23:20:00,3.0
717,2021-07-29,23:30:00,3.0
718,2021-07-29,23:40:00,3.3333333333333335
719,2021-07-29,23:50:00,3.5
720,2021-07-30,00:00:00,3.5
721,2021-07-30,00:10:00,3.5
722,2021-07-30,00:20:00,3.5
723,2021-07-30,00:30:00,3.5
724,2021-07-30,00:40:00,3.5
725,2021-07-30,00:50:00,3.5
726,2021-07-30,01:00:00,3.5
727,2021-07-30,01:10:00,3.5
728,2021-07-30,01:20:00,3.5
729,2021-07-30,01:30:00,3.5
730,2021-07-30,01:40:00,3.5
731,2021-07-30,01:50:00,3.5
732,2021-07-30,02:00:00,3.5
733,2021-07-30,02:10:00,3.5
734,2021-07-30,02:20:00,3.5
735,2021-07-30,02:30:00,3.5
736,2021-07-30,02:40:00,3.5
737,2021-07-30,02:50:00,3.6666666666666665
738,2021-07-30,03:00:00,4.0
739,2021-07-30,03:10:00,0.0
740,2021-07-30,03:20:00,0.0
741,2021-07-30,03:30:00,0.0
742,2021-07-30,03:40:00,0.0
743,2021-07-30,03:50:00,0.0
744,2021-07-30,04:00:00,0.0
745,2021-07-30,04:10:00,0.0
746,2021-07-30,04:20:00,0.0
747,2021-07-30,04:30:00,0.0
748,2021-07-30,04:40:00,0.0
749,2021-07-30,04:50:00,0.0
750,2021-07-30,05:00:00,0.0
751,2021-07-30,05:10:00,0.0
752,2021-07-30,05:20:00,0.0
753,2021-07-30,05:30:00,0.0
754,2021-07-30,05:40:00,0.0
755,2021-07-30,05:50:00,0.0
756,2021-07-30,06:00:00,0.0
757,2021-07-30,06:10:00,0.0
758,2021-07-30,06:20:00,0.0
759,2021-07-30,06:30:00,0.0
760,2021-07-30,06:40:00,0.16666666666666666
761,2021-07-30,06:50:00,0.3333333333333333
762,2021-07-30,07:00:00,0.5
763,2021-07-30,07:10:00,0.5
764,2021-07-30,07:20:00,0.5
765,2021-07-30,07:30:00,0.5
766,2021-07-30,07:40:00,0.5
767,2021-07-30,07:50:00,0.5
768,2021-07-30,08:00:00,0.5
769,2021-07-30,08:10:00,0.5
770,2021-07-30,08:20:00,0.5
771,2021-07-30,08:30:00,0.5
772,2021-07-30,08:40:00,0.5
773,2021-07-30,08:50:00,0.5
774,2021-07-30,09:00:00,0.5
775,2021-07-30,09:10:00,0.5
776,2021-07-30,09:20:00,0.5
777,2021-07-30,09:30:00,0.5
778,2021-07-30,09:40:00,0.8333333333333333
779,2021-07-30,09:50:00,0.9999999999999999
780,2021-07-30,10:00:00,1.0
781,2021-07-30,10:10:00,1.0
782,2021-07-30,10:20:00,1.0
783,2021-07-30,10:30:00,1.0
784,2021-07-30,10:40:00,1.0
785,2021-07-30,10:50:00,1.0
786,2021-07-30,11:00:00,1.0
